id,value
1,
2,
3,
4,
5,Founder
6,Marketing
7,
8,
9,Sales
10,
11,
12,
13,
14,Marketing
15,Founder
16,HR
17,
18,
19,
20,Marketing
21,
22,
23,
24,HR
25,
26,Marketing
27,
28,Sales
29,
30,
31,HR
32,
33,
34,
35,
36,
37,
38,
39,
40,Founder
41,
42,
43,
44,Founder
45,Sales
46,
47,
48,Product
49,Founder
50,
51,
52,Sales
53,Sales
54,
55,Sales
56,
57,Founder
58,
59,
60,Founder
61,
62,Marketing
63,
64,
65,HR
66,
67,
68,
69,
70,Sales
71,HR
72,HR
73,
74,Founder
75,
76,
77,Marketing
78,
79,HR
80,
81,Founder
82,
83,
84,
85,
86,
87,Sales
88,Marketing
89,Founder
90,Developer
91,Founder
92,
93,Founder
94,
95,
96,Developer
97,Content
98,
99,
100,
101,
102,
103,
104,
105,Founder
106,Founder
107,
108,
109,
110,Founder
111,Product
112,
113,
114,HR
115,
116,
117,Developer
118,Founder
119,
120,
121,Founder
122,Marketing
123,
124,Founder
125,Developer
126,Founder
127,Marketing
128,
129,
130,Marketing
131,
132,Founder
133,
134,Student
135,
136,
137,
138,Founder
139,
140,Marketing
141,
142,Sales
143,Founder
144,Sales
145,
146,
147,Founder
148,Marketing
149,
150,Marketing
151,
152,HR
153,
154,Sales
155,
156,
157,Sales
158,
159,
160,Developer
161,
162,Founder
163,Founder
164,Data/Analytics
165,Founder
166,
167,Founder
168,
169,Founder
170,Founder
171,Finance
172,Founder
173,
174,Product
175,
176,Founder
177,
178,Founder
179,Marketing
180,
181,HR
182,
183,Marketing
184,
185,Marketing
186,HR
187,Sales
188,Founder
189,Founder
190,
191,
192,
193,Founder
194,
195,
196,
197,
198,Founder
199,
200,
201,Marketing
202,Marketing
203,Founder
204,
205,
206,Marketing
207,Marketing
208,
209,Developer
210,
211,Founder
212,
213,Marketing
214,
215,Student
216,Marketing
217,Founder
218,
219,Student
220,
221,Product
222,
223,
224,Product
225,
226,Finance
227,Marketing
228,Product
229,Marketing
230,Product
231,
232,Founder
233,
234,Product
235,Product
236,Product
237,
238,
239,
240,
241,Founder
242,
243,
244,Marketing
245,HR
246,
247,
248,
249,
250,Founder
251,HR
252,Founder
253,
254,
255,Marketing
256,Developer
257,
258,
259,Content
260,
261,
262,
263,
264,Founder
265,Sales
266,Founder
267,Marketing
268,
269,
270,
271,
272,
273,Marketing
274,Sales
275,
276,
277,Marketing
278,
279,
280,Marketing
281,Marketing
282,Founder
283,Founder
284,Finance
285,
286,
287,Founder
288,Developer
289,
290,Founder
291,HR
292,Founder
293,
294,
295,Student
296,
297,
298,
299,
300,
301,Marketing
302,
303,
304,Founder
305,
306,
307,
308,
309,
310,
311,Founder
312,
313,Product
314,
315,
316,Founder
317,
318,
319,
320,
321,
322,
323,Founder
324,Finance
325,
326,
327,
328,
329,
330,
331,
332,
333,
334,Sales
335,
336,Founder
337,
338,
339,
340,Content
341,Founder
342,
343,Founder
344,
345,Marketing
346,Marketing
347,Marketing
348,Founder
349,Founder
350,Marketing
351,Founder
352,Sales
353,Founder
354,
355,
356,Founder
357,Marketing
358,Product
359,
360,Marketing
361,Sales
362,
363,Founder
364,
365,
366,
367,
368,Marketing
369,Founder
370,
371,
372,
373,
374,HR
375,Founder
376,Founder
377,Student
378,Developer
379,Founder
380,Developer
381,Founder
382,Marketing
383,
384,Operations
385,Founder
386,
387,
388,
389,Sales
390,
391,
392,Marketing
393,
394,HR
395,Sales
396,
397,
398,
399,
400,
401,
402,
403,Founder
404,
405,Founder
406,
407,Marketing
408,
409,
410,Founder
411,
412,
413,
414,Founder
415,Developer
416,Data/Analytics
417,Marketing
418,Founder
419,Founder
420,Developer
421,
422,Sales
423,
424,
425,Developer
426,Developer
427,
428,Marketing
429,Developer
430,
431,Marketing
432,Marketing
433,
434,
435,
436,
437,Sales
438,Student
439,
440,
441,
442,
443,Marketing
444,Product
445,
446,
447,
448,Founder
449,
450,
451,Founder
452,
453,
454,
455,
456,
457,
458,
459,Student
460,
461,Student
462,
463,Founder
464,
465,
466,Founder
467,
468,Founder
469,Developer
470,
471,
472,Marketing
473,
474,Founder
475,
476,Sales
477,
478,
479,Marketing
480,Developer
481,
482,
483,Founder
484,
485,Founder
486,
487,
488,Founder
489,
490,Founder
491,Developer
492,Data/Analytics
493,
494,
495,HR
496,Developer
497,
498,
499,
500,Founder
501,
502,
503,Student
504,
505,Founder
506,Operations
507,
508,
509,Founder
510,Founder
511,Founder
512,
513,
514,Developer
515,Founder
516,
517,
518,Sales
519,
520,Founder
521,
522,HR
523,Founder
524,
525,
526,
527,
528,Founder
529,
530,Founder
531,Marketing
532,
533,
534,
535,
536,Student
537,Data/Analytics
538,
539,Marketing
540,Founder
541,
542,Founder
543,
544,Marketing
545,
546,Developer
547,
548,Marketing
549,Founder
550,
551,Developer
552,Marketing
553,
554,Founder
555,Founder
556,Founder
557,
558,Founder
559,
560,
561,
562,
563,
564,Marketing
565,Marketing
566,
567,Founder
568,Founder
569,HR
570,
571,Product
572,Marketing
573,HR
574,Founder
575,
576,
577,Founder
578,Student
579,
580,Marketing
581,
582,Marketing
583,
584,Student
585,Marketing
586,Marketing
587,Marketing
588,
589,Sales
590,Founder
591,Founder
592,
593,
594,
595,
596,Developer
597,
598,
599,
600,
601,
602,Founder
603,Founder
604,Founder
605,Developer
606,HR
607,Sales
608,Founder
609,Marketing
610,Sales
611,
612,
613,Sales
614,Marketing
615,HR
616,Founder
617,Student
618,
619,Student
620,
621,
622,
623,
624,Content
625,Product
626,
627,
628,Data/Analytics
629,Marketing
630,
631,Founder
632,Product
633,Founder
634,
635,Student
636,Founder
637,
638,Founder
639,
640,Founder
641,Founder
642,
643,
644,
645,
646,Founder
647,Founder
648,
649,
650,
651,Content
652,Developer
653,
654,Founder
655,
656,Founder
657,
658,Sales
659,Founder
660,
661,HR
662,Founder
663,
664,Founder
665,Founder
666,Developer
667,Founder
668,
669,
670,Founder
671,Data/Analytics
672,
673,
674,
675,
676,Founder
677,
678,
679,Data/Analytics
680,Founder
681,
682,
683,
684,
685,
686,
687,Marketing
688,Founder
689,
690,
691,Marketing
692,Developer
693,Founder
694,Founder
695,
696,Founder
697,Operations
698,Sales
699,Developer
700,Founder
701,
702,
703,
704,
705,
706,
707,
708,Student
709,
710,
711,
712,Founder
713,Founder
714,
715,Founder
716,
717,
718,
719,Founder
720,
721,
722,Founder
723,
724,
725,
726,
727,Founder
728,Founder
729,
730,Founder
731,Marketing
732,HR
733,Marketing
734,Founder
735,
736,
737,
738,
739,
740,
741,Founder
742,Marketing
743,
744,Founder
745,
746,HR
747,
748,
749,Content
750,Founder
751,
752,
753,Finance
754,
755,
756,Founder
757,Founder
758,Founder
759,HR
760,Founder
761,
762,Founder
763,Marketing
764,Founder
765,
766,Marketing
767,Founder
768,
769,
770,
771,Marketing
772,
773,Founder
774,Founder
775,Sales
776,
777,
778,Design
779,Operations
780,
781,
782,
783,
784,
785,Founder
786,Founder
787,
788,
789,
790,
791,Founder
792,Marketing
793,
794,
795,
796,
797,HR
798,Founder
799,Founder
800,Founder
801,
802,
803,
804,
805,
806,Marketing
807,
808,
809,
810,
811,
812,Founder
813,
814,
815,Student
816,Founder
817,
818,Marketing
819,
820,
821,
822,
823,Developer
824,Design
825,Developer
826,
827,
828,Developer
829,
830,
831,Product
832,Product
833,
834,
835,Product
836,Founder
837,Data/Analytics
838,
839,
840,
841,
842,
843,Founder
844,Founder
845,
846,Founder
847,
848,
849,Founder
850,
851,
852,
853,Developer
854,
855,Founder
856,
857,Sales
858,Founder
859,Founder
860,
861,
862,
863,Student
864,Founder
865,Founder
866,
867,
868,
869,
870,
871,Founder
872,
873,
874,Founder
875,Founder
876,
877,
878,
879,
880,
881,
882,
883,
884,Founder
885,
886,Founder
887,Marketing
888,
889,Developer
890,
891,
892,Founder
893,HR
894,Marketing
895,Founder
896,
897,Founder
898,HR
899,
900,
901,
902,
903,Founder
904,
905,
906,Founder
907,
908,
909,Sales
910,
911,Operations
912,
913,
914,
915,
916,
917,
918,Founder
919,
920,
921,
922,
923,
924,
925,Founder
926,Founder
927,Marketing
928,Developer
929,Developer
930,
931,
932,
933,
934,Founder
935,Developer
936,
937,
938,
939,
940,Founder
941,Student
942,Founder
943,
944,
945,Founder
946,
947,
948,Founder
949,
950,
951,
952,Founder
953,
954,Founder
955,Marketing
956,
957,
958,Founder
959,
960,
961,
962,
963,
964,Marketing
965,Founder
966,
967,Founder
968,Developer
969,
970,
971,
972,Marketing
973,Developer
974,
975,
976,Founder
977,Student
978,
979,Operations
980,Founder
981,Founder
982,
983,
984,
985,
986,Finance
987,Developer
988,Founder
989,Sales
990,
991,
992,HR
993,
994,Product
995,Founder
996,
997,Founder
998,
999,Product
1000,
1001,
1002,Founder
1003,Founder
1004,
1005,
1006,
1007,HR
1008,
1009,
1010,Founder
1011,Founder
1012,
1013,Marketing
1014,
1015,
1016,Founder
1017,
1018,Developer
1019,
1020,
1021,HR
1022,
1023,
1024,Design
1025,
1026,
1027,Product
1028,Product
1029,
1030,Founder
1031,
1032,
1033,Founder
1034,
1035,
1036,Product
1037,
1038,
1039,Founder
1040,
1041,Founder
1042,Founder
1043,
1044,
1045,Founder
1046,Founder
1047,
1048,Data/Analytics
1049,
1050,
1051,
1052,
1053,
1054,
1055,Marketing
1056,
1057,Founder
1058,HR
1059,
1060,Marketing
1061,
1062,Founder
1063,Founder
1064,
1065,HR
1066,
1067,Data/Analytics
1068,Student
1069,
1070,
1071,Marketing
1072,
1073,Founder
1074,Founder
1075,
1076,
1077,Founder
1078,
1079,
1080,Founder
1081,
1082,
1083,
1084,Founder
1085,
1086,
1087,
1088,
1089,Student
1090,Data/Analytics
1091,
1092,Founder
1093,
1094,
1095,Marketing
1096,Student
1097,HR
1098,Founder
1099,
1100,
1101,Product
1102,HR
1103,HR
1104,
1105,Developer
1106,HR
1107,HR
1108,Marketing
1109,Founder
1110,Sales
1111,
1112,
1113,HR
1114,
1115,
1116,
1117,Student
1118,HR
1119,Sales
1120,
1121,
1122,Founder
1123,
1124,
1125,
1126,
1127,
1128,Founder
1129,
1130,
1131,Student
1132,
1133,Student
1134,Developer
1135,
1136,Founder
1137,
1138,
1139,Founder
1140,Founder
1141,Content
1142,
1143,
1144,Marketing
1145,
1146,Data/Analytics
1147,Marketing
1148,
1149,HR
1150,Founder
1151,
1152,Marketing
1153,
1154,Marketing
1155,Sales
1156,
1157,HR
1158,Marketing
1159,Content
1160,Founder
1161,Founder
1162,Marketing
1163,Founder
1164,Founder
1165,Founder
1166,
1167,
1168,Founder
1169,Marketing
1170,
1171,Founder
1172,Founder
1173,Founder
1174,
1175,Founder
1176,
1177,
1178,Founder
1179,
1180,
1181,
1182,Founder
1183,
1184,Founder
1185,Marketing
1186,Developer
1187,
1188,Founder
1189,
1190,
1191,
1192,Founder
1193,Sales
1194,Founder
1195,Founder
1196,Founder
1197,Founder
1198,Founder
1199,
1200,Founder
1201,Founder
1202,Founder
1203,Founder
1204,Founder
1205,
1206,Founder
1207,Design
1208,
1209,Marketing
1210,
1211,Founder
1212,Founder
1213,Founder
1214,Founder
1215,
1216,
1217,Founder
1218,Founder
1219,
1220,Founder
1221,Founder
1222,Marketing
1223,Operations
1224,
1225,
1226,
1227,Operations
1228,
1229,Founder
1230,Founder
1231,Founder
1232,
1233,
1234,
1235,Sales
1236,
1237,
1238,Sales
1239,
1240,Founder
1241,
1242,Founder
1243,
1244,
1245,
1246,
1247,Design
1248,
1249,
1250,Founder
1251,
1252,
1253,
1254,
1255,Founder
1256,Marketing
1257,
1258,Founder
1259,
1260,Marketing
1261,
1262,Marketing
1263,HR
1264,
1265,Founder
1266,
1267,
1268,Marketing
1269,
1270,
1271,
1272,Developer
1273,
1274,HR
1275,Founder
1276,Product
1277,Founder
1278,
1279,HR
1280,Sales
1281,Founder
1282,Founder
1283,Founder
1284,Marketing
1285,Founder
1286,
1287,Data/Analytics
1288,
1289,
1290,Developer
1291,
1292,Founder
1293,Developer
1294,HR
1295,
1296,Developer
1297,
1298,
1299,
1300,Marketing
1301,Product
1302,
1303,
1304,HR
1305,Developer
1306,
1307,
1308,
1309,
1310,Founder
1311,
1312,
1313,
1314,Founder
1315,
1316,
1317,Marketing
1318,Founder
1319,Sales
1320,
1321,
1322,
1323,Founder
1324,
1325,Marketing
1326,
1327,
1328,
1329,Founder
1330,
1331,
1332,Marketing
1333,Sales
1334,
1335,Product
1336,Sales
1337,Sales
1338,
1339,Marketing
1340,
1341,Student
1342,Founder
1343,
1344,
1345,Marketing
1346,Developer
1347,Marketing
1348,Marketing
1349,
1350,
1351,Founder
1352,
1353,Founder
1354,HR
1355,
1356,Marketing
1357,
1358,
1359,
1360,
1361,
1362,Founder
1363,
1364,
1365,Operations
1366,Marketing
1367,Student
1368,
1369,
1370,Sales
1371,
1372,Founder
1373,Developer
1374,Sales
1375,
1376,
1377,Sales
1378,
1379,HR
1380,Founder
1381,
1382,
1383,Sales
1384,Marketing
1385,HR
1386,Developer
1387,
1388,Marketing
1389,HR
1390,Marketing
1391,
1392,Marketing
1393,
1394,Marketing
1395,Marketing
1396,Founder
1397,
1398,Marketing
1399,
1400,Marketing
1401,Product
1402,Sales
1403,
1404,Founder
1405,
1406,Marketing
1407,Data/Analytics
1408,
1409,Founder
1410,
1411,
1412,
1413,Sales
1414,
1415,Sales
1416,Developer
1417,
1418,
1419,
1420,Sales
1421,
1422,Founder
1423,Marketing
1424,Sales
1425,
1426,Sales
1427,Founder
1428,Marketing
1429,Sales
1430,
1431,Founder
1432,
1433,
1434,
1435,Marketing
1436,
1437,Operations
1438,HR
1439,
1440,Product
1441,
1442,
1443,Founder
1444,Marketing
1445,
1446,Founder
1447,Sales
1448,Marketing
1449,Marketing
1450,
1451,
1452,
1453,
1454,
1455,
1456,Marketing
1457,
1458,Developer
1459,
1460,
1461,
1462,
1463,
1464,
1465,Founder
1466,
1467,
1468,Operations
1469,Operations
1470,Founder
1471,
1472,Founder
1473,
1474,
1475,
1476,
1477,Sales
1478,Sales
1479,Sales
1480,
1481,
1482,
1483,Founder
1484,
1485,Founder
1486,Founder
1487,
1488,Developer
1489,
1490,Developer
1491,Sales
1492,
1493,
1494,
1495,Data/Analytics
1496,
1497,Developer
1498,Marketing
1499,
1500,Founder
1501,
1502,
1503,
1504,Data/Analytics
1505,Sales
1506,HR
1507,
1508,HR
1509,Marketing
1510,Sales
1511,
1512,Sales
1513,
1514,Developer
1515,
1516,
1517,
1518,
1519,Product
1520,Founder
1521,
1522,
1523,Marketing
1524,
1525,Founder
1526,Content
1527,
1528,
1529,Student
1530,Content
1531,Developer
1532,Developer
1533,Developer
1534,Founder
1535,
1536,
1537,Developer
1538,
1539,
1540,
1541,Founder
1542,Sales
1543,Sales
1544,
1545,Founder
1546,Founder
1547,Founder
1548,
1549,
1550,Student
1551,Founder
1552,
1553,
1554,Developer
1555,
1556,
1557,
1558,Sales
1559,Founder
1560,
1561,Founder
1562,
1563,
1564,Sales
1565,
1566,HR
1567,Developer
1568,
1569,
1570,
1571,
1572,
1573,Developer
1574,Sales
1575,
1576,Founder
1577,
1578,Sales
1579,Marketing
1580,
1581,Marketing
1582,
1583,
1584,Developer
1585,Marketing
1586,
1587,
1588,
1589,HR
1590,
1591,
1592,
1593,Founder
1594,
1595,
1596,
1597,Founder
1598,
1599,
1600,
1601,Founder
1602,Founder
1603,Sales
1604,
1605,
1606,
1607,Design
1608,Founder
1609,Founder
1610,Founder
1611,Marketing
1612,
1613,Sales
1614,
1615,
1616,Student
1617,HR
1618,Founder
1619,HR
1620,HR
1621,Founder
1622,Student
1623,
1624,
1625,Founder
1626,
1627,Founder
1628,Founder
1629,
1630,
1631,
1632,Marketing
1633,HR
1634,
1635,Product
1636,Marketing
1637,
1638,
1639,HR
1640,Sales
1641,
1642,Marketing
1643,Marketing
1644,Founder
1645,Sales
1646,Student
1647,
1648,Developer
1649,Founder
1650,
1651,
1652,
1653,Developer
1654,Developer
1655,Founder
1656,Sales
1657,Developer
1658,
1659,
1660,Founder
1661,
1662,
1663,Founder
1664,Founder
1665,Founder
1666,Founder
1667,Founder
1668,
1669,Founder
1670,Founder
1671,Sales
1672,Founder
1673,Founder
1674,
1675,
1676,Developer
1677,Founder
1678,
1679,
1680,
1681,
1682,Founder
1683,
1684,Founder
1685,
1686,Developer
1687,Developer
1688,Developer
1689,Developer
1690,Developer
1691,
1692,Developer
1693,
1694,Developer
1695,
1696,Developer
1697,Developer
1698,Developer
1699,Developer
1700,Developer
1701,Developer
1702,Developer
1703,Developer
1704,Developer
1705,
1706,Developer
1707,Developer
1708,Product
1709,
1710,Developer
1711,
1712,Developer
1713,Developer
1714,
1715,Developer
1716,Developer
1717,Developer
1718,
1719,Developer
1720,Developer
1721,
1722,
1723,Developer
1724,Developer
1725,Developer
1726,Developer
1727,Developer
1728,Developer
1729,Developer
1730,
1731,Developer
1732,Developer
1733,Developer
1734,
1735,Developer
1736,Student
1737,Developer
1738,Product
1739,Developer
1740,
1741,Developer
1742,Data/Analytics
1743,Developer
1744,
1745,Developer
1746,Marketing
1747,Developer
1748,
1749,
1750,Developer
1751,Developer
1752,Developer
1753,Developer
1754,Developer
1755,
1756,Developer
1757,Developer
1758,Developer
1759,Marketing
1760,
1761,Founder
1762,
1763,Sales
1764,
1765,
1766,Developer
1767,Developer
1768,Developer
1769,
1770,
1771,
1772,
1773,Developer
1774,
1775,
1776,Sales
1777,HR
1778,Developer
1779,
1780,Developer
1781,
1782,
1783,
1784,
1785,Marketing
1786,
1787,
1788,Developer
1789,Operations
1790,HR
1791,Developer
1792,
1793,Developer
1794,
1795,Founder
1796,Founder
1797,
1798,Operations
1799,Founder
1800,Developer
1801,
1802,
1803,Founder
1804,
1805,Marketing
1806,
1807,Student
1808,Developer
1809,Developer
1810,Developer
1811,Developer
1812,Developer
1813,
1814,
1815,
1816,
1817,
1818,Developer
1819,Founder
1820,Founder
1821,Founder
1822,
1823,Marketing
1824,Developer
1825,Sales
1826,Content
1827,
1828,
1829,Finance
1830,Founder
1831,Founder
1832,
1833,
1834,
1835,
1836,
1837,Founder
1838,
1839,Product
1840,
1841,Founder
1842,
1843,
1844,
1845,
1846,
1847,
1848,Marketing
1849,
1850,
1851,
1852,Sales
1853,Student
1854,
1855,
1856,
1857,
1858,
1859,
1860,
1861,HR
1862,
1863,Student
1864,
1865,Developer
1866,Marketing
1867,
1868,
1869,
1870,Student
1871,
1872,Product
1873,Developer
1874,
1875,
1876,
1877,
1878,
1879,Product
1880,
1881,Sales
1882,Sales
1883,
1884,
1885,Developer
1886,Developer
1887,
1888,Developer
1889,Developer
1890,Founder
1891,Student
1892,Operations
1893,
1894,Founder
1895,
1896,
1897,
1898,Developer
1899,Developer
1900,HR
1901,Sales
1902,Founder
1903,
1904,
1905,Content
1906,
1907,Sales
1908,HR
1909,
1910,
1911,Founder
1912,Product
1913,Marketing
1914,
1915,Founder
1916,Marketing
1917,
1918,
1919,Developer
1920,
1921,
1922,
1923,HR
1924,
1925,Developer
1926,
1927,Founder
1928,
1929,Founder
1930,Developer
1931,Founder
1932,
1933,
1934,Sales
1935,
1936,Founder
1937,
1938,Marketing
1939,Developer
1940,Founder
1941,Marketing
1942,
1943,
1944,Founder
1945,Founder
1946,Founder
1947,Marketing
1948,Sales
1949,
1950,
1951,
1952,
1953,Marketing
1954,
1955,Founder
1956,
1957,
1958,Founder
1959,
1960,Founder
1961,Founder
1962,
1963,Founder
1964,
1965,
1966,Founder
1967,Operations
1968,Marketing
1969,Marketing
1970,Founder
1971,Founder
1972,
1973,Founder
1974,Developer
1975,
1976,
1977,Founder
1978,
1979,Founder
1980,
1981,Founder
1982,Founder
1983,
1984,Founder
1985,Founder
1986,Marketing
1987,
1988,Founder
1989,Founder
1990,Founder
1991,Operations
1992,Operations
1993,Founder
1994,Founder
1995,Marketing
1996,
1997,
1998,Founder
1999,Founder
2000,Marketing
2001,
2002,Student
2003,Founder
2004,
2005,
2006,
2007,Founder
2008,
2009,Founder
2010,Founder
2011,Founder
2012,Founder
2013,Founder
2014,Founder
2015,HR
2016,Founder
2017,
2018,Developer
2019,
2020,Founder
2021,Marketing
2022,Founder
2023,
2024,
2025,Developer
2026,
2027,
2028,
2029,Founder
2030,
2031,Founder
2032,
2033,
2034,Marketing
2035,
2036,Founder
2037,Founder
2038,
2039,
2040,Founder
2041,
2042,
2043,Founder
2044,
2045,
2046,
2047,
2048,Founder
2049,
2050,
2051,Data/Analytics
2052,Marketing
2053,
2054,Founder
2055,Marketing
2056,HR
2057,
2058,HR
2059,
2060,Sales
2061,
2062,Marketing
2063,Founder
2064,
2065,Marketing
2066,Marketing
2067,
2068,
2069,HR
2070,
2071,Sales
2072,
2073,Marketing
2074,
2075,
2076,Marketing
2077,
2078,HR
2079,HR
2080,
2081,HR
2082,Founder
2083,
2084,
2085,Product
2086,
2087,Marketing
2088,Product
2089,
2090,
2091,Sales
2092,
2093,
2094,
2095,
2096,Founder
2097,Marketing
2098,
2099,Founder
2100,
2101,
2102,Founder
2103,HR
2104,
2105,
2106,Sales
2107,Sales
2108,Operations
2109,Developer
2110,
2111,
2112,
2113,HR
2114,
2115,
2116,Marketing
2117,
2118,
2119,
2120,
2121,
2122,Founder
2123,Marketing
2124,
2125,Student
2126,
2127,Founder
2128,
2129,
2130,
2131,Marketing
2132,Product
2133,
2134,Founder
2135,
2136,Data/Analytics
2137,Developer
2138,
2139,Sales
2140,Marketing
2141,Student
2142,Developer
2143,Operations
2144,Developer
2145,
2146,
2147,HR
2148,Marketing
2149,HR
2150,
2151,
2152,
2153,
2154,
2155,
2156,Founder
2157,
2158,
2159,Founder
2160,
2161,Marketing
2162,
2163,
2164,
2165,
2166,Student
2167,Developer
2168,Sales
2169,Data/Analytics
2170,
2171,Developer
2172,Sales
2173,
2174,Legal
2175,
2176,Sales
2177,
2178,
2179,
2180,Design
2181,
2182,
2183,Legal
2184,Sales
2185,
2186,
2187,Sales
2188,
2189,
2190,
2191,Marketing
2192,Founder
2193,Sales
2194,
2195,
2196,
2197,
2198,
2199,
2200,
2201,
2202,Founder
2203,Student
2204,
2205,Student
2206,Student
2207,Student
2208,Student
2209,Student
2210,
2211,Student
2212,
2213,Founder
2214,Sales
2215,
2216,HR
2217,
2218,
2219,Product
2220,Product
2221,
2222,Founder
2223,Founder
2224,
2225,
2226,
2227,
2228,Founder
2229,
2230,
2231,
2232,Product
2233,
2234,Marketing
2235,
2236,
2237,Founder
2238,Design
2239,Operations
2240,Sales
2241,
2242,
2243,
2244,Marketing
2245,Founder
2246,
2247,Design
2248,Sales
2249,
2250,Marketing
2251,
2252,
2253,
2254,
2255,
2256,
2257,Marketing
2258,Marketing
2259,
2260,
2261,
2262,Student
2263,
2264,
2265,Founder
2266,
2267,Finance
2268,
2269,
2270,
2271,
2272,Marketing
2273,
2274,Operations
2275,Marketing
2276,
2277,
2278,Product
2279,Product
2280,Sales
2281,Founder
2282,
2283,Founder
2284,Developer
2285,Marketing
2286,
2287,Marketing
2288,
2289,
2290,Founder
2291,Founder
2292,
2293,
2294,
2295,
2296,
2297,Marketing
2298,Marketing
2299,
2300,
2301,
2302,
2303,Founder
2304,Operations
2305,
2306,
2307,
2308,Marketing
2309,Marketing
2310,
2311,
2312,
2313,
2314,Marketing
2315,Founder
2316,
2317,
2318,
2319,
2320,
2321,
2322,
2323,
2324,Sales
2325,Operations
2326,Marketing
2327,Marketing
2328,
2329,
2330,
2331,
2332,Marketing
2333,Sales
2334,
2335,
2336,
2337,Founder
2338,
2339,
2340,
2341,
2342,
2343,
2344,
2345,
2346,Product
2347,Sales
2348,
2349,
2350,
2351,Legal
2352,
2353,
2354,Marketing
2355,Marketing
2356,
2357,
2358,
2359,HR
2360,Marketing
2361,
2362,Sales
2363,
2364,
2365,
2366,
2367,
2368,HR
2369,
2370,
2371,HR
2372,
2373,
2374,Marketing
2375,
2376,Marketing
2377,Marketing
2378,
2379,
2380,
2381,
2382,
2383,
2384,Marketing
2385,Founder
2386,
2387,
2388,Sales
2389,
2390,
2391,Product
2392,
2393,
2394,
2395,
2396,
2397,Marketing
2398,Founder
2399,
2400,
2401,Founder
2402,
2403,
2404,Data/Analytics
2405,Founder
2406,
2407,Marketing
2408,
2409,
2410,Founder
2411,
2412,
2413,
2414,
2415,Founder
2416,
2417,
2418,
2419,Founder
2420,Founder
2421,Founder
2422,
2423,
2424,Founder
2425,Founder
2426,
2427,
2428,
2429,
2430,Sales
2431,Developer
2432,
2433,Marketing
2434,
2435,
2436,
2437,Marketing
2438,Founder
2439,Founder
2440,
2441,
2442,Founder
2443,Data/Analytics
2444,
2445,Developer
2446,Founder
2447,Marketing
2448,Founder
2449,
2450,Founder
2451,
2452,Marketing
2453,
2454,Founder
2455,
2456,Founder
2457,
2458,Founder
2459,
2460,
2461,
2462,Founder
2463,
2464,
2465,
2466,
2467,Marketing
2468,
2469,
2470,Marketing
2471,
2472,Founder
2473,Founder
2474,Marketing
2475,
2476,Founder
2477,
2478,Product
2479,Marketing
2480,Founder
2481,
2482,Student
2483,
2484,Marketing
2485,
2486,HR
2487,Sales
2488,
2489,
2490,Student
2491,Marketing
2492,Marketing
2493,Student
2494,Student
2495,
2496,Founder
2497,Student
2498,Developer
2499,
2500,Legal
2501,Student
2502,Marketing
2503,Founder
2504,Sales
2505,
2506,Founder
2507,
2508,
2509,
2510,
2511,
2512,
2513,Marketing
2514,
2515,Sales
2516,HR
2517,
2518,Founder
2519,
2520,
2521,
2522,
2523,Product
2524,
2525,Founder
2526,Founder
2527,
2528,
2529,
2530,Operations
2531,Founder
2532,
2533,
2534,
2535,
2536,Operations
2537,Founder
2538,Marketing
2539,
2540,
2541,Founder
2542,Marketing
2543,Sales
2544,
2545,
2546,
2547,
2548,HR
2549,Founder
2550,
2551,
2552,Founder
2553,
2554,
2555,
2556,Founder
2557,
2558,Operations
2559,
2560,
2561,
2562,
2563,Developer
2564,Data/Analytics
2565,Founder
2566,Content
2567,
2568,
2569,
2570,Founder
2571,Sales
2572,
2573,Marketing
2574,Developer
2575,HR
2576,Sales
2577,
2578,
2579,Founder
2580,Founder
2581,Founder
2582,
2583,
2584,
2585,
2586,
2587,Marketing
2588,Marketing
2589,
2590,Finance
2591,
2592,
2593,
2594,
2595,
2596,
2597,Marketing
2598,Marketing
2599,
2600,Marketing
2601,Founder
2602,
2603,
2604,
2605,HR
2606,
2607,
2608,
2609,Student
2610,
2611,
2612,
2613,Student
2614,Student
2615,
2616,Developer
2617,
2618,
2619,Student
2620,
2621,
2622,
2623,
2624,
2625,
2626,
2627,
2628,Finance
2629,Operations
2630,Student
2631,
2632,
2633,
2634,
2635,
2636,Developer
2637,
2638,
2639,
2640,
2641,
2642,HR
2643,
2644,Founder
2645,
2646,Sales
2647,
2648,Operations
2649,
2650,
2651,
2652,Content
2653,
2654,Sales
2655,
2656,
2657,
2658,HR
2659,Sales
2660,
2661,
2662,
2663,Student
2664,
2665,
2666,Legal
2667,Data/Analytics
2668,
2669,
2670,
2671,Developer
2672,Product
2673,Design
2674,
2675,
2676,
2677,Developer
2678,Developer
2679,
2680,Product
2681,
2682,Data/Analytics
2683,Marketing
2684,Developer
2685,
2686,Operations
2687,Founder
2688,Design
2689,
2690,
2691,
2692,Developer
2693,
2694,Sales
2695,
2696,
2697,
2698,
2699,
2700,Developer
2701,
2702,Finance
2703,Data/Analytics
2704,
2705,Developer
2706,
2707,
2708,Founder
2709,
2710,Data/Analytics
2711,Product
2712,
2713,Founder
2714,Operations
2715,Developer
2716,Founder
2717,
2718,
2719,Founder
2720,
2721,Founder
2722,Sales
2723,Developer
2724,
2725,Sales
2726,Developer
2727,
2728,Marketing
2729,
2730,Sales
2731,
2732,Developer
2733,Founder
2734,
2735,
2736,
2737,Sales
2738,Sales
2739,
2740,
2741,
2742,Sales
2743,Data/Analytics
2744,Student
2745,
2746,Finance
2747,Developer
2748,
2749,
2750,
2751,
2752,
2753,
2754,Founder
2755,Sales
2756,Developer
2757,Developer
2758,Founder
2759,Founder
2760,
2761,
2762,Marketing
2763,
2764,Developer
2765,
2766,
2767,
2768,Operations
2769,
2770,
2771,
2772,
2773,Developer
2774,
2775,Sales
2776,Developer
2777,
2778,Data/Analytics
2779,
2780,
2781,
2782,
2783,Founder
2784,HR
2785,
2786,
2787,Marketing
2788,
2789,
2790,
2791,Operations
2792,
2793,
2794,Developer
2795,Developer
2796,Sales
2797,
2798,
2799,Developer
2800,
2801,
2802,
2803,Developer
2804,Sales
2805,
2806,
2807,
2808,
2809,
2810,Operations
2811,Sales
2812,
2813,
2814,Data/Analytics
2815,
2816,Marketing
2817,Developer
2818,Student
2819,Developer
2820,
2821,
2822,
2823,Data/Analytics
2824,
2825,
2826,
2827,
2828,Developer
2829,
2830,
2831,
2832,
2833,
2834,
2835,Data/Analytics
2836,Marketing
2837,HR
2838,Marketing
2839,
2840,
2841,
2842,
2843,
2844,
2845,Marketing
2846,Data/Analytics
2847,
2848,HR
2849,HR
2850,Marketing
2851,Founder
2852,
2853,
2854,
2855,Marketing
2856,
2857,
2858,Data/Analytics
2859,Finance
2860,
2861,
2862,Founder
2863,
2864,
2865,
2866,Developer
2867,Sales
2868,Data/Analytics
2869,
2870,
2871,HR
2872,
2873,
2874,
2875,
2876,
2877,
2878,
2879,
2880,
2881,HR
2882,Founder
2883,
2884,Sales
2885,
2886,
2887,HR
2888,
2889,
2890,Data/Analytics
2891,
2892,Legal
2893,Sales
2894,Sales
2895,
2896,
2897,
2898,
2899,
2900,
2901,Data/Analytics
2902,
2903,
2904,
2905,Marketing
2906,
2907,
2908,Sales
2909,Data/Analytics
2910,
2911,
2912,
2913,
2914,
2915,Sales
2916,
2917,Design
2918,
2919,
2920,Founder
2921,
2922,Sales
2923,
2924,Developer
2925,
2926,
2927,
2928,Student
2929,
2930,
2931,
2932,
2933,
2934,
2935,Founder
2936,
2937,
2938,
2939,
2940,
2941,Founder
2942,Sales
2943,
2944,
2945,Founder
2946,
2947,
2948,
2949,
2950,
2951,Developer
2952,
2953,
2954,Marketing
2955,Sales
2956,Operations
2957,
2958,
2959,
2960,Founder
2961,
2962,
2963,
2964,
2965,
2966,Product
2967,
2968,Content
2969,
2970,Marketing
2971,Developer
2972,Student
2973,Finance
2974,
2975,
2976,
2977,
2978,Data/Analytics
2979,
2980,
2981,
2982,
2983,
2984,
2985,Sales
2986,Design
2987,
2988,
2989,
2990,
2991,
2992,Sales
2993,Product
2994,Founder
2995,Founder
2996,Student
2997,Operations
2998,
2999,
3000,
3001,
3002,Operations
3003,
3004,
3005,Marketing
3006,
3007,
3008,Content
3009,
3010,Developer
3011,Developer
3012,
3013,
3014,
3015,Sales
3016,
3017,
3018,
3019,
3020,
3021,Data/Analytics
3022,Founder
3023,Operations
3024,Marketing
3025,Developer
3026,Founder
3027,Developer
3028,
3029,
3030,HR
3031,
3032,
3033,
3034,
3035,Sales
3036,
3037,Marketing
3038,Marketing
3039,
3040,
3041,
3042,
3043,
3044,Product
3045,
3046,Founder
3047,
3048,
3049,
3050,
3051,
3052,
3053,Marketing
3054,Legal
3055,
3056,Sales
3057,Sales
3058,
3059,
3060,
3061,Product
3062,
3063,Sales
3064,
3065,
3066,
3067,
3068,
3069,Founder
3070,
3071,
3072,
3073,
3074,Founder
3075,
3076,Founder
3077,Legal
3078,Sales
3079,Product
3080,
3081,
3082,Founder
3083,
3084,
3085,Product
3086,
3087,Operations
3088,Product
3089,
3090,Founder
3091,
3092,
3093,
3094,Developer
3095,Marketing
3096,Sales
3097,Sales
3098,Marketing
3099,
3100,Founder
3101,
3102,Marketing
3103,
3104,Developer
3105,
3106,
3107,
3108,
3109,
3110,Marketing
3111,
3112,
3113,
3114,Marketing
3115,
3116,
3117,Marketing
3118,Marketing
3119,Sales
3120,
3121,
3122,Legal
3123,Founder
3124,
3125,
3126,Product
3127,
3128,
3129,Founder
3130,
3131,Sales
3132,
3133,
3134,
3135,
3136,
3137,Founder
3138,
3139,HR
3140,
3141,
3142,
3143,Founder
3144,Operations
3145,
3146,
3147,Sales
3148,Founder
3149,Marketing
3150,Developer
3151,Finance
3152,
3153,HR
3154,
3155,Sales
3156,
3157,Sales
3158,Sales
3159,Founder
3160,HR
3161,
3162,
3163,
3164,Founder
3165,Sales
3166,
3167,
3168,Marketing
3169,Sales
3170,Founder
3171,Founder
3172,Founder
3173,
3174,Marketing
3175,Product
3176,Marketing
3177,
3178,Marketing
3179,Developer
3180,Marketing
3181,
3182,
3183,
3184,
3185,Sales
3186,
3187,
3188,
3189,
3190,
3191,
3192,
3193,
3194,Marketing
3195,
3196,
3197,Sales
3198,
3199,
3200,
3201,
3202,Sales
3203,
3204,
3205,Marketing
3206,
3207,
3208,Marketing
3209,Developer
3210,Founder
3211,
3212,
3213,Marketing
3214,Sales
3215,Marketing
3216,
3217,Marketing
3218,Operations
3219,
3220,
3221,Founder
3222,
3223,Founder
3224,Sales
3225,Data/Analytics
3226,Marketing
3227,
3228,Founder
3229,Developer
3230,
3231,Sales
3232,Marketing
3233,
3234,
3235,
3236,
3237,Founder
3238,Founder
3239,
3240,
3241,
3242,Marketing
3243,
3244,Developer
3245,Developer
3246,Marketing
3247,
3248,
3249,
3250,
3251,Founder
3252,
3253,Product
3254,Marketing
3255,
3256,
3257,
3258,
3259,
3260,
3261,Sales
3262,
3263,
3264,
3265,Sales
3266,Founder
3267,Sales
3268,
3269,Sales
3270,
3271,
3272,
3273,
3274,
3275,Marketing
3276,
3277,
3278,
3279,Developer
3280,Sales
3281,Marketing
3282,Product
3283,Marketing
3284,Sales
3285,Sales
3286,
3287,
3288,
3289,
3290,Marketing
3291,
3292,
3293,
3294,
3295,
3296,
3297,Marketing
3298,
3299,
3300,Founder
3301,Marketing
3302,
3303,
3304,
3305,
3306,
3307,Marketing
3308,Sales
3309,
3310,HR
3311,HR
3312,
3313,
3314,
3315,
3316,Marketing
3317,
3318,Sales
3319,Sales
3320,Sales
3321,Sales
3322,
3323,
3324,Sales
3325,
3326,
3327,Marketing
3328,
3329,
3330,Sales
3331,
3332,Developer
3333,
3334,Founder
3335,
3336,
3337,
3338,
3339,
3340,
3341,Operations
3342,Marketing
3343,Sales
3344,
3345,Operations
3346,
3347,
3348,Marketing
3349,
3350,
3351,Operations
3352,Founder
3353,Sales
3354,
3355,Sales
3356,Product
3357,
3358,
3359,Founder
3360,
3361,Developer
3362,Founder
3363,
3364,Developer
3365,Operations
3366,
3367,
3368,
3369,
3370,
3371,
3372,Developer
3373,
3374,
3375,
3376,HR
3377,HR
3378,Sales
3379,
3380,
3381,Sales
3382,Founder
3383,
3384,Sales
3385,
3386,Marketing
3387,
3388,
3389,
3390,
3391,
3392,
3393,
3394,HR
3395,Founder
3396,
3397,
3398,
3399,
3400,Sales
3401,Operations
3402,Marketing
3403,Developer
3404,
3405,Sales
3406,
3407,Sales
3408,
3409,
3410,Marketing
3411,
3412,
3413,Founder
3414,
3415,
3416,Developer
3417,Developer
3418,Marketing
3419,Founder
3420,
3421,Content
3422,Sales
3423,HR
3424,
3425,
3426,
3427,
3428,Operations
3429,
3430,
3431,
3432,
3433,Founder
3434,Sales
3435,Content
3436,
3437,
3438,Founder
3439,HR
3440,
3441,Marketing
3442,Founder
3443,
3444,Sales
3445,Sales
3446,
3447,Product
3448,
3449,Founder
3450,
3451,Sales
3452,
3453,Founder
3454,
3455,
3456,
3457,
3458,
3459,Sales
3460,Marketing
3461,
3462,
3463,Marketing
3464,Content
3465,
3466,Marketing
3467,Founder
3468,Student
3469,
3470,
3471,Sales
3472,Sales
3473,
3474,
3475,Sales
3476,
3477,
3478,Marketing
3479,
3480,Finance
3481,
3482,Sales
3483,
3484,
3485,Operations
3486,Product
3487,Founder
3488,Founder
3489,
3490,
3491,
3492,Founder
3493,HR
3494,Founder
3495,
3496,
3497,
3498,
3499,
3500,
3501,
3502,Developer
3503,Founder
3504,Sales
3505,
3506,Sales
3507,Sales
3508,
3509,Marketing
3510,Marketing
3511,
3512,
3513,Sales
3514,
3515,Sales
3516,
3517,
3518,Operations
3519,
3520,
3521,
3522,Marketing
3523,Founder
3524,Sales
3525,
3526,Marketing
3527,Marketing
3528,
3529,
3530,Sales
3531,Marketing
3532,Sales
3533,
3534,Founder
3535,Marketing
3536,HR
3537,
3538,Founder
3539,Operations
3540,
3541,
3542,Founder
3543,
3544,Student
3545,Marketing
3546,
3547,
3548,
3549,
3550,HR
3551,Marketing
3552,
3553,
3554,Marketing
3555,HR
3556,
3557,
3558,
3559,
3560,
3561,Founder
3562,
3563,Developer
3564,
3565,
3566,Founder
3567,
3568,
3569,
3570,
3571,
3572,
3573,Sales
3574,Sales
3575,
3576,
3577,Founder
3578,Marketing
3579,Operations
3580,
3581,
3582,
3583,
3584,Content
3585,
3586,Developer
3587,Sales
3588,
3589,
3590,
3591,
3592,Content
3593,Operations
3594,
3595,Founder
3596,Student
3597,
3598,
3599,Marketing
3600,Operations
3601,Marketing
3602,
3603,Sales
3604,Founder
3605,HR
3606,
3607,Developer
3608,
3609,
3610,HR
3611,
3612,
3613,
3614,
3615,
3616,
3617,
3618,Founder
3619,Marketing
3620,Product
3621,
3622,
3623,
3624,Sales
3625,
3626,
3627,Founder
3628,Founder
3629,Student
3630,
3631,
3632,
3633,Sales
3634,
3635,
3636,Sales
3637,
3638,Founder
3639,Operations
3640,
3641,
3642,Developer
3643,Content
3644,Founder
3645,HR
3646,
3647,
3648,Sales
3649,Marketing
3650,Marketing
3651,
3652,Founder
3653,Marketing
3654,Developer
3655,
3656,
3657,
3658,
3659,Data/Analytics
3660,Sales
3661,Marketing
3662,
3663,
3664,
3665,Sales
3666,
3667,
3668,Sales
3669,Developer
3670,Sales
3671,
3672,Sales
3673,Marketing
3674,
3675,
3676,
3677,
3678,
3679,
3680,
3681,
3682,
3683,
3684,
3685,
3686,
3687,
3688,Marketing
3689,Founder
3690,
3691,
3692,Founder
3693,
3694,
3695,
3696,
3697,Marketing
3698,
3699,Operations
3700,
3701,
3702,
3703,
3704,
3705,
3706,
3707,Sales
3708,
3709,Marketing
3710,
3711,Developer
3712,
3713,
3714,
3715,
3716,Founder
3717,Product
3718,
3719,HR
3720,
3721,
3722,Sales
3723,
3724,Founder
3725,Marketing
3726,
3727,
3728,
3729,Finance
3730,Developer
3731,
3732,Sales
3733,
3734,
3735,
3736,Marketing
3737,Marketing
3738,Developer
3739,
3740,
3741,Developer
3742,
3743,
3744,Product
3745,
3746,HR
3747,Founder
3748,Founder
3749,
3750,
3751,
3752,Sales
3753,
3754,HR
3755,
3756,
3757,
3758,
3759,Marketing
3760,Sales
3761,
3762,Founder
3763,
3764,Sales
3765,
3766,Sales
3767,
3768,Sales
3769,
3770,
3771,
3772,HR
3773,
3774,
3775,
3776,Founder
3777,
3778,HR
3779,
3780,
3781,
3782,
3783,
3784,
3785,
3786,Design
3787,
3788,
3789,Operations
3790,Operations
3791,Marketing
3792,Founder
3793,Product
3794,Sales
3795,
3796,
3797,Marketing
3798,Founder
3799,Marketing
3800,
3801,
3802,
3803,Product
3804,Sales
3805,Marketing
3806,Sales
3807,
3808,Sales
3809,
3810,
3811,Developer
3812,Marketing
3813,
3814,
3815,Founder
3816,
3817,
3818,
3819,Operations
3820,Developer
3821,Founder
3822,
3823,
3824,Sales
3825,
3826,
3827,
3828,
3829,Marketing
3830,Founder
3831,
3832,
3833,Founder
3834,
3835,Sales
3836,
3837,Sales
3838,Founder
3839,Product
3840,
3841,Product
3842,
3843,
3844,
3845,
3846,Marketing
3847,
3848,Founder
3849,
3850,Data/Analytics
3851,Data/Analytics
3852,Marketing
3853,Developer
3854,
3855,
3856,Sales
3857,Founder
3858,HR
3859,
3860,
3861,
3862,Marketing
3863,
3864,
3865,HR
3866,Founder
3867,
3868,
3869,
3870,
3871,
3872,Student
3873,
3874,Sales
3875,
3876,Founder
3877,
3878,Founder
3879,Founder
3880,
3881,Founder
3882,Marketing
3883,Marketing
3884,Sales
3885,
3886,Marketing
3887,Marketing
3888,
3889,Marketing
3890,Founder
3891,Founder
3892,Founder
3893,Founder
3894,
3895,Founder
3896,
3897,
3898,Founder
3899,
3900,
3901,
3902,
3903,
3904,Founder
3905,
3906,
3907,Founder
3908,
3909,
3910,Marketing
3911,
3912,Marketing
3913,Founder
3914,
3915,
3916,Student
3917,
3918,
3919,
3920,
3921,
3922,Marketing
3923,
3924,Marketing
3925,Founder
3926,
3927,
3928,
3929,
3930,Operations
3931,Content
3932,Marketing
3933,Sales
3934,Marketing
3935,
3936,
3937,
3938,
3939,Marketing
3940,
3941,
3942,
3943,
3944,
3945,Developer
3946,
3947,Sales
3948,Developer
3949,HR
3950,
3951,
3952,
3953,
3954,Developer
3955,Founder
3956,
3957,
3958,Developer
3959,
3960,Founder
3961,Sales
3962,
3963,Marketing
3964,
3965,
3966,
3967,Marketing
3968,
3969,
3970,Founder
3971,HR
3972,
3973,Sales
3974,
3975,
3976,Marketing
3977,
3978,Sales
3979,
3980,Sales
3981,
3982,
3983,Sales
3984,
3985,Marketing
3986,
3987,
3988,
3989,Marketing
3990,
3991,
3992,
3993,Content
3994,
3995,
3996,
3997,
3998,Content
3999,Design
4000,Marketing
4001,
4002,
4003,Sales
4004,
4005,
4006,
4007,
4008,
4009,Sales
4010,Marketing
4011,Marketing
4012,
4013,Operations
4014,Sales
4015,
4016,
4017,Developer
4018,
4019,
4020,Design
4021,
4022,
4023,
4024,
4025,
4026,
4027,Sales
4028,Founder
4029,Developer
4030,Product
4031,Founder
4032,Marketing
4033,Marketing
4034,
4035,
4036,Marketing
4037,
4038,
4039,Sales
4040,
4041,Founder
4042,
4043,Sales
4044,Marketing
4045,
4046,
4047,
4048,Founder
4049,Marketing
4050,
4051,
4052,Marketing
4053,Marketing
4054,
4055,
4056,
4057,
4058,Developer
4059,
4060,
4061,Marketing
4062,
4063,Operations
4064,Founder
4065,
4066,Founder
4067,Founder
4068,
4069,Sales
4070,
4071,Marketing
4072,
4073,Marketing
4074,
4075,Founder
4076,Founder
4077,Marketing
4078,Marketing
4079,Founder
4080,
4081,Data/Analytics
4082,
4083,Founder
4084,
4085,Operations
4086,Founder
4087,
4088,
4089,Operations
4090,Marketing
4091,HR
4092,
4093,Sales
4094,
4095,
4096,
4097,
4098,
4099,Operations
4100,
4101,Developer
4102,
4103,Founder
4104,Founder
4105,
4106,Founder
4107,Developer
4108,Founder
4109,Marketing
4110,
4111,
4112,Marketing
4113,
4114,
4115,Marketing
4116,
4117,
4118,
4119,Marketing
4120,
4121,Founder
4122,
4123,
4124,
4125,Sales
4126,Operations
4127,
4128,
4129,
4130,
4131,Developer
4132,
4133,Operations
4134,
4135,
4136,
4137,
4138,Marketing
4139,Founder
4140,Founder
4141,Marketing
4142,
4143,
4144,Sales
4145,
4146,
4147,
4148,Marketing
4149,
4150,Student
4151,
4152,
4153,Sales
4154,
4155,Founder
4156,Developer
4157,
4158,
4159,
4160,
4161,Founder
4162,Operations
4163,Founder
4164,
4165,
4166,
4167,Founder
4168,Operations
4169,
4170,
4171,Content
4172,
4173,
4174,
4175,Marketing
4176,
4177,
4178,Operations
4179,
4180,Founder
4181,Sales
4182,
4183,
4184,
4185,
4186,Sales
4187,Operations
4188,Founder
4189,Marketing
4190,
4191,
4192,
4193,Founder
4194,
4195,
4196,
4197,Operations
4198,
4199,
4200,Founder
4201,
4202,
4203,Founder
4204,
4205,
4206,Design
4207,
4208,
4209,
4210,Sales
4211,Marketing
4212,
4213,Founder
4214,
4215,
4216,Sales
4217,
4218,Founder
4219,
4220,
4221,Product
4222,Marketing
4223,
4224,
4225,
4226,Sales
4227,Sales
4228,
4229,
4230,
4231,
4232,Marketing
4233,Sales
4234,
4235,
4236,
4237,
4238,Sales
4239,Marketing
4240,Founder
4241,Sales
4242,Sales
4243,
4244,
4245,
4246,Content
4247,Marketing
4248,
4249,
4250,
4251,Sales
4252,Sales
4253,Legal
4254,
4255,Sales
4256,
4257,Sales
4258,
4259,
4260,
4261,
4262,
4263,
4264,
4265,
4266,
4267,
4268,
4269,
4270,
4271,
4272,
4273,Operations
4274,
4275,Product
4276,Founder
4277,
4278,Marketing
4279,
4280,Sales
4281,
4282,HR
4283,Sales
4284,Sales
4285,
4286,
4287,
4288,
4289,
4290,
4291,Founder
4292,Sales
4293,Founder
4294,
4295,
4296,Marketing
4297,
4298,Sales
4299,
4300,Marketing
4301,
4302,HR
4303,
4304,Operations
4305,
4306,
4307,Sales
4308,
4309,
4310,Legal
4311,HR
4312,Marketing
4313,
4314,
4315,
4316,
4317,
4318,Sales
4319,Founder
4320,
4321,
4322,Founder
4323,
4324,
4325,
4326,
4327,
4328,
4329,Founder
4330,
4331,Founder
4332,Sales
4333,Developer
4334,Founder
4335,Founder
4336,
4337,HR
4338,
4339,Founder
4340,Marketing
4341,
4342,
4343,
4344,Marketing
4345,
4346,
4347,
4348,
4349,Founder
4350,
4351,
4352,Marketing
4353,
4354,
4355,Founder
4356,
4357,
4358,
4359,Content
4360,
4361,
4362,
4363,
4364,
4365,Student
4366,Marketing
4367,
4368,
4369,
4370,
4371,
4372,
4373,Developer
4374,
4375,Founder
4376,Founder
4377,
4378,Sales
4379,
4380,
4381,Founder
4382,HR
4383,
4384,Marketing
4385,HR
4386,HR
4387,Founder
4388,Marketing
4389,
4390,
4391,Marketing
4392,Founder
4393,Founder
4394,
4395,Founder
4396,
4397,Founder
4398,HR
4399,Product
4400,Founder
4401,
4402,
4403,
4404,
4405,Marketing
4406,
4407,
4408,Sales
4409,
4410,HR
4411,Marketing
4412,
4413,Founder
4414,
4415,Founder
4416,
4417,
4418,
4419,
4420,
4421,
4422,
4423,HR
4424,
4425,
4426,
4427,Sales
4428,
4429,
4430,
4431,Marketing
4432,Sales
4433,
4434,
4435,Founder
4436,Marketing
4437,
4438,
4439,Founder
4440,Founder
4441,
4442,Sales
4443,
4444,Sales
4445,
4446,Marketing
4447,Developer
4448,
4449,HR
4450,Marketing
4451,
4452,
4453,HR
4454,
4455,Founder
4456,
4457,Developer
4458,
4459,
4460,
4461,
4462,
4463,
4464,
4465,
4466,Sales
4467,Sales
4468,Founder
4469,
4470,
4471,
4472,Operations
4473,HR
4474,Marketing
4475,Founder
4476,Marketing
4477,
4478,Founder
4479,
4480,
4481,
4482,Founder
4483,Sales
4484,Sales
4485,Marketing
4486,
4487,
4488,
4489,
4490,Marketing
4491,Sales
4492,Sales
4493,HR
4494,Sales
4495,Marketing
4496,Marketing
4497,HR
4498,
4499,
4500,
4501,
4502,
4503,Founder
4504,Sales
4505,
4506,
4507,Founder
4508,Marketing
4509,
4510,
4511,
4512,Founder
4513,Marketing
4514,
4515,Founder
4516,
4517,Founder
4518,
4519,Founder
4520,
4521,HR
4522,Product
4523,Marketing
4524,
4525,
4526,
4527,
4528,Sales
4529,
4530,
4531,
4532,Student
4533,
4534,
4535,
4536,
4537,
4538,
4539,
4540,
4541,
4542,Founder
4543,
4544,Founder
4545,Founder
4546,
4547,
4548,Data/Analytics
4549,Student
4550,
4551,
4552,Founder
4553,Marketing
4554,
4555,Founder
4556,
4557,Marketing
4558,Founder
4559,Founder
4560,
4561,
4562,
4563,Marketing
4564,
4565,Developer
4566,Marketing
4567,
4568,
4569,
4570,Sales
4571,Founder
4572,
4573,
4574,
4575,Sales
4576,
4577,Marketing
4578,Marketing
4579,Marketing
4580,Sales
4581,Marketing
4582,
4583,
4584,Design
4585,
4586,Sales
4587,Marketing
4588,Marketing
4589,
4590,
4591,
4592,Sales
4593,
4594,Founder
4595,Marketing
4596,Marketing
4597,Marketing
4598,Founder
4599,Marketing
4600,Founder
4601,Sales
4602,Marketing
4603,
4604,Marketing
4605,
4606,Marketing
4607,Founder
4608,Marketing
4609,
4610,
4611,Sales
4612,Marketing
4613,Marketing
4614,
4615,
4616,
4617,Marketing
4618,Operations
4619,
4620,Founder
4621,Marketing
4622,Marketing
4623,Marketing
4624,
4625,Marketing
4626,Founder
4627,
4628,
4629,Marketing
4630,HR
4631,
4632,
4633,Founder
4634,Marketing
4635,Marketing
4636,
4637,
4638,Marketing
4639,
4640,Marketing
4641,Developer
4642,Sales
4643,Product
4644,Founder
4645,Founder
4646,Founder
4647,HR
4648,Marketing
4649,HR
4650,
4651,
4652,Operations
4653,
4654,
4655,
4656,Founder
4657,Sales
4658,
4659,
4660,
4661,
4662,
4663,
4664,Student
4665,Developer
4666,Sales
4667,
4668,
4669,
4670,Sales
4671,Data/Analytics
4672,
4673,Sales
4674,HR
4675,HR
4676,
4677,
4678,Marketing
4679,
4680,Design
4681,
4682,HR
4683,
4684,
4685,
4686,HR
4687,Sales
4688,HR
4689,
4690,Marketing
4691,HR
4692,
4693,
4694,Founder
4695,HR
4696,
4697,
4698,HR
4699,
4700,
4701,
4702,HR
4703,
4704,Founder
4705,Founder
4706,
4707,HR
4708,Founder
4709,
4710,
4711,HR
4712,HR
4713,HR
4714,HR
4715,
4716,
4717,
4718,HR
4719,HR
4720,
4721,HR
4722,Founder
4723,Founder
4724,
4725,HR
4726,Sales
4727,HR
4728,
4729,
4730,Sales
4731,
4732,
4733,HR
4734,
4735,Sales
4736,Sales
4737,
4738,
4739,HR
4740,
4741,HR
4742,
4743,
4744,HR
4745,HR
4746,
4747,
4748,HR
4749,HR
4750,Developer
4751,Operations
4752,Marketing
4753,HR
4754,Sales
4755,
4756,Sales
4757,Sales
4758,
4759,
4760,HR
4761,
4762,
4763,Sales
4764,Founder
4765,
4766,Sales
4767,HR
4768,
4769,
4770,HR
4771,HR
4772,Founder
4773,
4774,HR
4775,
4776,
4777,HR
4778,HR
4779,HR
4780,Founder
4781,
4782,Marketing
4783,
4784,HR
4785,Sales
4786,Marketing
4787,
4788,
4789,
4790,
4791,
4792,
4793,HR
4794,
4795,
4796,
4797,
4798,HR
4799,HR
4800,
4801,
4802,
4803,
4804,
4805,
4806,Founder
4807,
4808,Founder
4809,
4810,HR
4811,
4812,
4813,
4814,
4815,
4816,HR
4817,
4818,
4819,HR
4820,
4821,
4822,
4823,
4824,Founder
4825,
4826,
4827,
4828,
4829,
4830,
4831,
4832,Founder
4833,
4834,
4835,
4836,
4837,Marketing
4838,
4839,Founder
4840,
4841,Sales
4842,
4843,HR
4844,
4845,
4846,Sales
4847,
4848,Founder
4849,
4850,
4851,Sales
4852,Founder
4853,HR
4854,
4855,Marketing
4856,Founder
4857,
4858,
4859,Sales
4860,
4861,
4862,
4863,
4864,
4865,
4866,Founder
4867,Finance
4868,
4869,Founder
4870,
4871,Operations
4872,Developer
4873,Sales
4874,Founder
4875,Founder
4876,Founder
4877,Founder
4878,
4879,
4880,
4881,Marketing
4882,
4883,HR
4884,
4885,
4886,
4887,
4888,HR
4889,Founder
4890,Sales
4891,Marketing
4892,Founder
4893,
4894,
4895,Product
4896,Sales
4897,Founder
4898,
4899,HR
4900,Founder
4901,
4902,Founder
4903,
4904,Operations
4905,
4906,Founder
4907,
4908,Marketing
4909,
4910,Founder
4911,
4912,
4913,
4914,Marketing
4915,HR
4916,Founder
4917,
4918,Sales
4919,Marketing
4920,HR
4921,Founder
4922,Sales
4923,
4924,Marketing
4925,
4926,Founder
4927,Operations
4928,Marketing
4929,Founder
4930,
4931,
4932,
4933,
4934,
4935,Marketing
4936,
4937,
4938,HR
4939,HR
4940,
4941,
4942,
4943,
4944,Founder
4945,
4946,HR
4947,
4948,
4949,
4950,Founder
4951,Product
4952,
4953,Founder
4954,Founder
4955,
4956,
4957,Founder
4958,
4959,
4960,
4961,
4962,Founder
4963,Founder
4964,Founder
4965,Product
4966,
4967,Founder
4968,
4969,
4970,
4971,Data/Analytics
4972,Founder
4973,
4974,
4975,Founder
4976,
4977,Sales
4978,Founder
4979,Marketing
4980,Founder
4981,
4982,Sales
4983,Founder
4984,
4985,Founder
4986,Founder
4987,
4988,
4989,
4990,
4991,Founder
4992,Operations
4993,Sales
4994,Sales
4995,Marketing
4996,
4997,Founder
4998,
4999,Founder
5000,Developer
5001,
5002,
5003,Founder
5004,
5005,Marketing
5006,HR
5007,
5008,
5009,
5010,Founder
5011,
5012,Operations
5013,
5014,Content
5015,
5016,Founder
5017,Founder
5018,Founder
5019,Founder
5020,
5021,Founder
5022,Founder
5023,Founder
5024,Founder
5025,
5026,
5027,Sales
5028,
5029,
5030,Marketing
5031,
5032,Founder
5033,Founder
5034,
5035,Sales
5036,
5037,Sales
5038,
5039,Developer
5040,
5041,Product
5042,HR
5043,Founder
5044,Founder
5045,Founder
5046,
5047,
5048,
5049,Sales
5050,HR
5051,Product
5052,
5053,Founder
5054,
5055,Marketing
5056,
5057,
5058,
5059,
5060,
5061,
5062,
5063,HR
5064,
5065,Marketing
5066,
5067,Founder
5068,
5069,
5070,Founder
5071,
5072,Sales
5073,Marketing
5074,Marketing
5075,
5076,
5077,
5078,HR
5079,Founder
5080,
5081,Marketing
5082,Marketing
5083,
5084,Marketing
5085,
5086,
5087,Operations
5088,
5089,
5090,
5091,
5092,
5093,
5094,
5095,Marketing
5096,
5097,Marketing
5098,
5099,
5100,Developer
5101,Sales
5102,
5103,
5104,Marketing
5105,Founder
5106,Marketing
5107,Developer
5108,
5109,
5110,
5111,
5112,
5113,
5114,Marketing
5115,HR
5116,
5117,Marketing
5118,Founder
5119,
5120,Sales
5121,
5122,Founder
5123,
5124,
5125,
5126,Product
5127,
5128,Marketing
5129,
5130,
5131,
5132,Marketing
5133,
5134,
5135,Founder
5136,
5137,HR
5138,
5139,
5140,Developer
5141,Founder
5142,Marketing
5143,
5144,Founder
5145,Operations
5146,Marketing
5147,
5148,
5149,Marketing
5150,Founder
5151,Founder
5152,Sales
5153,Founder
5154,
5155,Founder
5156,
5157,Founder
5158,Marketing
5159,
5160,Founder
5161,
5162,
5163,Developer
5164,
5165,Marketing
5166,
5167,HR
5168,Sales
5169,Marketing
5170,
5171,
5172,Marketing
5173,Founder
5174,Sales
5175,Founder
5176,Sales
5177,Founder
5178,
5179,Sales
5180,
5181,Marketing
5182,HR
5183,Sales
5184,Marketing
5185,Marketing
5186,
5187,
5188,Marketing
5189,
5190,Marketing
5191,Founder
5192,
5193,
5194,
5195,
5196,
5197,Developer
5198,
5199,
5200,
5201,
5202,Product
5203,Marketing
5204,Marketing
5205,
5206,Sales
5207,Founder
5208,
5209,Marketing
5210,
5211,
5212,
5213,Sales
5214,
5215,
5216,
5217,
5218,
5219,Founder
5220,
5221,
5222,
5223,
5224,
5225,
5226,
5227,HR
5228,Sales
5229,
5230,
5231,
5232,Legal
5233,Developer
5234,
5235,Founder
5236,Marketing
5237,
5238,
5239,Founder
5240,
5241,Founder
5242,Marketing
5243,HR
5244,Marketing
5245,Marketing
5246,
5247,Data/Analytics
5248,
5249,Founder
5250,Founder
5251,
5252,
5253,
5254,
5255,Founder
5256,Founder
5257,Founder
5258,
5259,
5260,
5261,Founder
5262,
5263,Marketing
5264,
5265,
5266,
5267,Founder
5268,Founder
5269,Product
5270,
5271,Founder
5272,Developer
5273,Founder
5274,Founder
5275,Founder
5276,
5277,Founder
5278,HR
5279,
5280,
5281,
5282,Founder
5283,
5284,Marketing
5285,Founder
5286,
5287,
5288,Founder
5289,Content
5290,Marketing
5291,
5292,
5293,
5294,Founder
5295,Marketing
5296,
5297,
5298,
5299,Founder
5300,
5301,
5302,
5303,Marketing
5304,
5305,Founder
5306,
5307,Product
5308,
5309,Founder
5310,Founder
5311,
5312,
5313,
5314,Sales
5315,Product
5316,
5317,
5318,Sales
5319,
5320,
5321,Product
5322,
5323,
5324,HR
5325,
5326,
5327,HR
5328,
5329,Marketing
5330,Marketing
5331,
5332,
5333,
5334,
5335,
5336,
5337,
5338,Sales
5339,
5340,Developer
5341,Marketing
5342,Product
5343,Marketing
5344,
5345,
5346,
5347,Founder
5348,Marketing
5349,
5350,HR
5351,Founder
5352,Student
5353,
5354,Marketing
5355,
5356,Marketing
5357,Founder
5358,Data/Analytics
5359,HR
5360,Marketing
5361,Developer
5362,
5363,Founder
5364,Sales
5365,
5366,
5367,Sales
5368,Marketing
5369,
5370,HR
5371,
5372,
5373,Developer
5374,Developer
5375,
5376,
5377,
5378,Founder
5379,
5380,
5381,
5382,
5383,
5384,Sales
5385,
5386,
5387,Founder
5388,
5389,Founder
5390,Marketing
5391,Marketing
5392,Sales
5393,Marketing
5394,
5395,Sales
5396,
5397,Sales
5398,
5399,Developer
5400,Developer
5401,
5402,Marketing
5403,Developer
5404,Developer
5405,Data/Analytics
5406,
5407,
5408,
5409,Founder
5410,
5411,Design
5412,
5413,Developer
5414,Marketing
5415,
5416,Design
5417,Marketing
5418,
5419,
5420,
5421,
5422,
5423,
5424,
5425,Developer
5426,
5427,Developer
5428,Developer
5429,
5430,Developer
5431,Sales
5432,Marketing
5433,Founder
5434,HR
5435,Founder
5436,
5437,HR
5438,
5439,Sales
5440,
5441,
5442,
5443,
5444,
5445,Marketing
5446,
5447,
5448,
5449,
5450,
5451,
5452,
5453,
5454,
5455,
5456,Marketing
5457,
5458,Marketing
5459,
5460,Marketing
5461,Sales
5462,Founder
5463,Founder
5464,Developer
5465,
5466,Sales
5467,Content
5468,Founder
5469,Founder
5470,Founder
5471,
5472,
5473,
5474,HR
5475,Marketing
5476,
5477,Marketing
5478,
5479,
5480,Marketing
5481,
5482,Founder
5483,
5484,
5485,Founder
5486,Marketing
5487,Founder
5488,Founder
5489,Founder
5490,Founder
5491,Founder
5492,Founder
5493,Marketing
5494,
5495,
5496,
5497,Founder
5498,
5499,Marketing
5500,Founder
5501,
5502,Marketing
5503,
5504,
5505,Marketing
5506,
5507,Marketing
5508,Marketing
5509,Sales
5510,Marketing
5511,
5512,
5513,Founder
5514,
5515,Marketing
5516,HR
5517,Sales
5518,
5519,
5520,
5521,
5522,Marketing
5523,
5524,Developer
5525,
5526,Founder
5527,Sales
5528,Founder
5529,
5530,Sales
5531,
5532,Operations
5533,Marketing
5534,
5535,Marketing
5536,Sales
5537,Sales
5538,Developer
5539,Marketing
5540,Founder
5541,Marketing
5542,Marketing
5543,Sales
5544,
5545,
5546,
5547,Sales
5548,
5549,Marketing
5550,Founder
5551,Marketing
5552,Marketing
5553,
5554,
5555,Marketing
5556,
5557,
5558,
5559,Marketing
5560,
5561,Founder
5562,
5563,Sales
5564,
5565,
5566,Marketing
5567,
5568,
5569,
5570,
5571,Founder
5572,Marketing
5573,Marketing
5574,
5575,Marketing
5576,
5577,Marketing
5578,Founder
5579,
5580,
5581,
5582,
5583,Founder
5584,
5585,
5586,
5587,
5588,
5589,Marketing
5590,
5591,Founder
5592,Marketing
5593,Marketing
5594,
5595,Marketing
5596,
5597,
5598,Founder
5599,
5600,Marketing
5601,
5602,
5603,
5604,Sales
5605,Founder
5606,
5607,Founder
5608,Marketing
5609,
5610,Founder
5611,
5612,
5613,
5614,
5615,Founder
5616,
5617,
5618,
5619,Founder
5620,
5621,Marketing
5622,
5623,
5624,Sales
5625,
5626,Marketing
5627,
5628,Marketing
5629,
5630,
5631,
5632,
5633,Developer
5634,
5635,
5636,Developer
5637,HR
5638,
5639,Founder
5640,Founder
5641,Marketing
5642,Operations
5643,Founder
5644,Legal
5645,Marketing
5646,
5647,
5648,Marketing
5649,
5650,Marketing
5651,Sales
5652,
5653,
5654,Founder
5655,
5656,
5657,Founder
5658,HR
5659,
5660,
5661,
5662,Sales
5663,Student
5664,Marketing
5665,
5666,
5667,HR
5668,
5669,
5670,
5671,Founder
5672,HR
5673,Founder
5674,Sales
5675,HR
5676,
5677,HR
5678,Founder
5679,Sales
5680,HR
5681,HR
5682,Founder
5683,Founder
5684,
5685,
5686,Content
5687,HR
5688,HR
5689,HR
5690,
5691,HR
5692,HR
5693,HR
5694,
5695,Sales
5696,Founder
5697,
5698,HR
5699,
5700,HR
5701,HR
5702,HR
5703,Marketing
5704,
5705,Developer
5706,
5707,HR
5708,Marketing
5709,
5710,
5711,Marketing
5712,HR
5713,HR
5714,HR
5715,Marketing
5716,HR
5717,Marketing
5718,Marketing
5719,HR
5720,
5721,HR
5722,
5723,Marketing
5724,
5725,Developer
5726,HR
5727,
5728,
5729,HR
5730,Marketing
5731,
5732,
5733,Sales
5734,
5735,Founder
5736,
5737,Marketing
5738,
5739,Developer
5740,
5741,Founder
5742,HR
5743,
5744,
5745,HR
5746,
5747,
5748,
5749,Founder
5750,Founder
5751,HR
5752,
5753,HR
5754,Founder
5755,HR
5756,HR
5757,Founder
5758,
5759,HR
5760,Operations
5761,
5762,HR
5763,
5764,HR
5765,Founder
5766,HR
5767,HR
5768,
5769,
5770,
5771,HR
5772,
5773,HR
5774,
5775,Developer
5776,HR
5777,
5778,Founder
5779,Marketing
5780,HR
5781,Founder
5782,
5783,
5784,HR
5785,Founder
5786,HR
5787,HR
5788,Founder
5789,Founder
5790,Founder
5791,Marketing
5792,Founder
5793,Marketing
5794,Marketing
5795,
5796,
5797,Operations
5798,Marketing
5799,Marketing
5800,Product
5801,Marketing
5802,Marketing
5803,Sales
5804,
5805,Marketing
5806,
5807,Founder
5808,Sales
5809,
5810,Marketing
5811,
5812,Founder
5813,HR
5814,Sales
5815,Founder
5816,HR
5817,HR
5818,Founder
5819,
5820,Founder
5821,Marketing
5822,
5823,HR
5824,Marketing
5825,
5826,
5827,
5828,
5829,Marketing
5830,
5831,
5832,Marketing
5833,
5834,
5835,
5836,
5837,
5838,
5839,HR
5840,Founder
5841,Founder
5842,Founder
5843,Founder
5844,HR
5845,Product
5846,Marketing
5847,
5848,Marketing
5849,Sales
5850,Founder
5851,
5852,
5853,Marketing
5854,HR
5855,Marketing
5856,
5857,
5858,
5859,
5860,Founder
5861,HR
5862,Marketing
5863,Marketing
5864,Founder
5865,Marketing
5866,
5867,
5868,
5869,
5870,Sales
5871,
5872,Marketing
5873,Sales
5874,
5875,
5876,
5877,Founder
5878,HR
5879,
5880,
5881,
5882,
5883,Sales
5884,
5885,
5886,
5887,
5888,
5889,Product
5890,
5891,Founder
5892,
5893,Marketing
5894,
5895,
5896,Founder
5897,
5898,Marketing
5899,Marketing
5900,
5901,HR
5902,HR
5903,HR
5904,Marketing
5905,HR
5906,
5907,Founder
5908,HR
5909,
5910,
5911,Marketing
5912,
5913,
5914,Founder
5915,Founder
5916,
5917,
5918,Sales
5919,
5920,Marketing
5921,Sales
5922,Sales
5923,HR
5924,
5925,HR
5926,
5927,
5928,
5929,Founder
5930,HR
5931,
5932,Marketing
5933,
5934,
5935,Founder
5936,
5937,Sales
5938,
5939,HR
5940,HR
5941,Marketing
5942,HR
5943,HR
5944,
5945,Marketing
5946,
5947,
5948,HR
5949,Founder
5950,
5951,Marketing
5952,Sales
5953,Founder
5954,HR
5955,
5956,HR
5957,Founder
5958,Marketing
5959,Founder
5960,
5961,
5962,Marketing
5963,Founder
5964,
5965,
5966,
5967,Sales
5968,Founder
5969,
5970,HR
5971,Sales
5972,Developer
5973,
5974,Founder
5975,Founder
5976,Founder
5977,Product
5978,Marketing
5979,Founder
5980,Founder
5981,Founder
5982,Developer
5983,
5984,
5985,
5986,
5987,Founder
5988,HR
5989,
5990,Product
5991,Marketing
5992,
5993,
5994,
5995,Sales
5996,Founder
5997,Founder
5998,Developer
5999,HR
6000,
6001,
6002,Developer
6003,
6004,
6005,
6006,Marketing
6007,Data/Analytics
6008,HR
6009,HR
6010,HR
6011,
6012,
6013,Marketing
6014,Founder
6015,
6016,Operations
6017,Founder
6018,
6019,Founder
6020,Founder
6021,Founder
6022,
6023,HR
6024,
6025,Founder
6026,Marketing
6027,
6028,Founder
6029,
6030,Marketing
6031,
6032,Founder
6033,HR
6034,
6035,
6036,Marketing
6037,
6038,
6039,HR
6040,
6041,Founder
6042,Sales
6043,
6044,
6045,
6046,HR
6047,
6048,
6049,HR
6050,Product
6051,Developer
6052,
6053,
6054,Founder
6055,
6056,
6057,HR
6058,Founder
6059,Founder
6060,Developer
6061,Marketing
6062,
6063,
6064,
6065,Marketing
6066,HR
6067,Founder
6068,Marketing
6069,
6070,HR
6071,Marketing
6072,
6073,
6074,Founder
6075,Founder
6076,Sales
6077,
6078,
6079,
6080,
6081,HR
6082,Sales
6083,
6084,Operations
6085,
6086,Founder
6087,
6088,HR
6089,Founder
6090,Founder
6091,
6092,Operations
6093,Founder
6094,Product
6095,Sales
6096,Founder
6097,
6098,
6099,
6100,
6101,
6102,Founder
6103,
6104,
6105,Student
6106,Marketing
6107,Data/Analytics
6108,
6109,Founder
6110,
6111,
6112,Founder
6113,Marketing
6114,
6115,Founder
6116,HR
6117,HR
6118,
6119,
6120,HR
6121,Legal
6122,
6123,Founder
6124,Founder
6125,Founder
6126,
6127,
6128,Founder
6129,
6130,
6131,
6132,Founder
6133,Marketing
6134,Student
6135,
6136,
6137,Founder
6138,Sales
6139,Founder
6140,
6141,Sales
6142,Founder
6143,
6144,Founder
6145,Founder
6146,
6147,
6148,Sales
6149,Sales
6150,
6151,
6152,
6153,
6154,Founder
6155,Founder
6156,Marketing
6157,
6158,HR
6159,
6160,Marketing
6161,Founder
6162,Founder
6163,Marketing
6164,
6165,
6166,Student
6167,Developer
6168,
6169,
6170,Marketing
6171,Founder
6172,
6173,Product
6174,
6175,
6176,Founder
6177,
6178,
6179,Data/Analytics
6180,Content
6181,
6182,
6183,Marketing
6184,Founder
6185,
6186,
6187,
6188,
6189,
6190,
6191,Founder
6192,Founder
6193,Developer
6194,Founder
6195,Founder
6196,Marketing
6197,Founder
6198,Sales
6199,Sales
6200,
6201,
6202,Marketing
6203,Data/Analytics
6204,
6205,Marketing
6206,Operations
6207,
6208,
6209,
6210,
6211,
6212,Sales
6213,
6214,
6215,
6216,Founder
6217,
6218,
6219,Sales
6220,Founder
6221,
6222,
6223,Founder
6224,
6225,Founder
6226,
6227,Founder
6228,
6229,Founder
6230,
6231,
6232,Founder
6233,Student
6234,Marketing
6235,
6236,Sales
6237,
6238,HR
6239,
6240,Founder
6241,
6242,Student
6243,Student
6244,
6245,
6246,
6247,
6248,
6249,
6250,
6251,
6252,
6253,
6254,Marketing
6255,Founder
6256,Sales
6257,
6258,
6259,
6260,Founder
6261,
6262,
6263,Founder
6264,
6265,
6266,Founder
6267,Marketing
6268,
6269,Founder
6270,Developer
6271,Marketing
6272,Data/Analytics
6273,
6274,Marketing
6275,
6276,
6277,Marketing
6278,Student
6279,
6280,Marketing
6281,HR
6282,
6283,
6284,Marketing
6285,
6286,
6287,
6288,
6289,
6290,Founder
6291,
6292,
6293,Marketing
6294,
6295,
6296,
6297,
6298,
6299,
6300,
6301,
6302,
6303,
6304,Founder
6305,
6306,
6307,Content
6308,Data/Analytics
6309,Sales
6310,Founder
6311,HR
6312,Founder
6313,
6314,
6315,
6316,HR
6317,
6318,
6319,
6320,
6321,Content
6322,Founder
6323,HR
6324,Founder
6325,Marketing
6326,Founder
6327,Marketing
6328,Founder
6329,Student
6330,Founder
6331,HR
6332,
6333,Marketing
6334,Marketing
6335,Sales
6336,
6337,HR
6338,
6339,Sales
6340,Data/Analytics
6341,HR
6342,
6343,Sales
6344,Founder
6345,
6346,Founder
6347,
6348,Founder
6349,Marketing
6350,Marketing
6351,
6352,
6353,Founder
6354,HR
6355,
6356,Founder
6357,
6358,Founder
6359,Sales
6360,HR
6361,Operations
6362,
6363,HR
6364,
6365,Marketing
6366,HR
6367,
6368,
6369,Marketing
6370,
6371,Marketing
6372,Student
6373,Marketing
6374,Founder
6375,Founder
6376,Founder
6377,Operations
6378,
6379,
6380,
6381,Founder
6382,
6383,Founder
6384,
6385,
6386,Founder
6387,Founder
6388,
6389,
6390,Founder
6391,Founder
6392,
6393,
6394,
6395,Student
6396,
6397,
6398,Founder
6399,Founder
6400,Finance
6401,
6402,Founder
6403,
6404,
6405,
6406,Founder
6407,
6408,Founder
6409,
6410,
6411,
6412,Founder
6413,
6414,Founder
6415,
6416,Founder
6417,
6418,Founder
6419,
6420,
6421,Founder
6422,
6423,Founder
6424,Founder
6425,
6426,
6427,
6428,
6429,Founder
6430,
6431,
6432,
6433,
6434,
6435,Sales
6436,
6437,Founder
6438,Operations
6439,
6440,Content
6441,
6442,
6443,
6444,Marketing
6445,Founder
6446,
6447,
6448,
6449,Founder
6450,
6451,Sales
6452,
6453,
6454,
6455,
6456,
6457,Founder
6458,Founder
6459,
6460,
6461,
6462,Marketing
6463,
6464,Founder
6465,HR
6466,
6467,Marketing
6468,
6469,
6470,Sales
6471,
6472,
6473,
6474,Finance
6475,
6476,
6477,
6478,
6479,Founder
6480,
6481,
6482,HR
6483,Founder
6484,Founder
6485,Sales
6486,
6487,
6488,Founder
6489,Marketing
6490,
6491,
6492,Founder
6493,HR
6494,
6495,
6496,Founder
6497,
6498,
6499,Founder
6500,
6501,
6502,Marketing
6503,Marketing
6504,
6505,Founder
6506,Founder
6507,
6508,Founder
6509,Founder
6510,Founder
6511,
6512,
6513,Founder
6514,
6515,HR
6516,
6517,Founder
6518,
6519,Founder
6520,Founder
6521,Founder
6522,Founder
6523,
6524,Finance
6525,Founder
6526,
6527,Sales
6528,
6529,Sales
6530,HR
6531,Marketing
6532,Founder
6533,
6534,
6535,Founder
6536,Marketing
6537,Founder
6538,Founder
6539,Founder
6540,Student
6541,Developer
6542,Founder
6543,
6544,
6545,Marketing
6546,
6547,Founder
6548,
6549,
6550,
6551,Founder
6552,Founder
6553,Founder
6554,
6555,Founder
6556,Founder
6557,
6558,
6559,Founder
6560,Founder
6561,
6562,Sales
6563,
6564,
6565,
6566,
6567,Founder
6568,
6569,
6570,
6571,
6572,Marketing
6573,Founder
6574,
6575,
6576,
6577,Founder
6578,Founder
6579,Legal
6580,Founder
6581,
6582,Founder
6583,Content
6584,Founder
6585,Founder
6586,Founder
6587,
6588,Founder
6589,
6590,
6591,Marketing
6592,Marketing
6593,
6594,Founder
6595,
6596,
6597,Product
6598,
6599,Founder
6600,Founder
6601,Founder
6602,Founder
6603,
6604,Founder
6605,
6606,
6607,Founder
6608,
6609,Founder
6610,
6611,
6612,
6613,Founder
6614,
6615,
6616,Content
6617,
6618,Founder
6619,
6620,
6621,HR
6622,
6623,Founder
6624,
6625,Founder
6626,
6627,Founder
6628,Product
6629,HR
6630,
6631,Developer
6632,Marketing
6633,Sales
6634,Marketing
6635,Marketing
6636,
6637,
6638,Marketing
6639,
6640,Founder
6641,
6642,
6643,Sales
6644,
6645,Founder
6646,Founder
6647,HR
6648,
6649,
6650,HR
6651,
6652,HR
6653,
6654,
6655,Marketing
6656,
6657,Founder
6658,
6659,
6660,Marketing
6661,
6662,Sales
6663,HR
6664,
6665,
6666,HR
6667,
6668,Marketing
6669,Founder
6670,
6671,HR
6672,Marketing
6673,
6674,
6675,
6676,
6677,Sales
6678,Product
6679,Founder
6680,Founder
6681,Marketing
6682,
6683,Founder
6684,
6685,
6686,
6687,
6688,
6689,
6690,Finance
6691,Student
6692,Founder
6693,Marketing
6694,Developer
6695,Product
6696,Founder
6697,
6698,Founder
6699,Sales
6700,Founder
6701,
6702,
6703,Marketing
6704,
6705,Founder
6706,Operations
6707,Marketing
6708,
6709,
6710,
6711,
6712,
6713,
6714,Marketing
6715,
6716,
6717,
6718,Founder
6719,
6720,
6721,
6722,Founder
6723,Marketing
6724,
6725,
6726,Marketing
6727,Finance
6728,Content
6729,Founder
6730,
6731,HR
6732,
6733,
6734,
6735,Marketing
6736,Sales
6737,
6738,HR
6739,
6740,HR
6741,Marketing
6742,
6743,
6744,HR
6745,Marketing
6746,HR
6747,Founder
6748,Marketing
6749,
6750,HR
6751,
6752,Founder
6753,
6754,
6755,Founder
6756,
6757,
6758,Marketing
6759,Founder
6760,Marketing
6761,HR
6762,HR
6763,
6764,
6765,
6766,Sales
6767,
6768,Marketing
6769,
6770,Marketing
6771,
6772,Founder
6773,
6774,Marketing
6775,Developer
6776,
6777,Founder
6778,
6779,
6780,Sales
6781,Marketing
6782,
6783,Marketing
6784,Marketing
6785,Marketing
6786,Founder
6787,Marketing
6788,Marketing
6789,
6790,Founder
6791,Marketing
6792,Founder
6793,
6794,Marketing
6795,
6796,
6797,
6798,
6799,Founder
6800,Marketing
6801,Marketing
6802,
6803,Founder
6804,
6805,Founder
6806,Marketing
6807,Marketing
6808,
6809,
6810,Founder
6811,Founder
6812,Sales
6813,Sales
6814,
6815,Founder
6816,
6817,
6818,
6819,Marketing
6820,
6821,
6822,
6823,Founder
6824,
6825,Founder
6826,HR
6827,Founder
6828,
6829,Marketing
6830,Marketing
6831,
6832,
6833,Marketing
6834,Marketing
6835,Marketing
6836,Operations
6837,
6838,Founder
6839,
6840,Founder
6841,
6842,
6843,
6844,
6845,
6846,Founder
6847,
6848,Founder
6849,
6850,
6851,
6852,Data/Analytics
6853,Marketing
6854,Product
6855,
6856,
6857,
6858,Founder
6859,Founder
6860,Founder
6861,Founder
6862,
6863,
6864,Founder
6865,Founder
6866,Finance
6867,Marketing
6868,Founder
6869,
6870,
6871,Marketing
6872,Operations
6873,
6874,
6875,
6876,
6877,Founder
6878,
6879,
6880,Founder
6881,
6882,
6883,Developer
6884,Legal
6885,Founder
6886,
6887,Founder
6888,
6889,
6890,
6891,HR
6892,
6893,
6894,
6895,Developer
6896,HR
6897,
6898,Marketing
6899,Developer
6900,
6901,
6902,
6903,
6904,
6905,
6906,
6907,Operations
6908,
6909,Marketing
6910,Founder
6911,
6912,Founder
6913,Founder
6914,Developer
6915,Marketing
6916,
6917,Founder
6918,
6919,Founder
6920,
6921,Marketing
6922,Marketing
6923,Marketing
6924,
6925,Founder
6926,
6927,Founder
6928,
6929,Founder
6930,
6931,
6932,Marketing
6933,
6934,Marketing
6935,
6936,Developer
6937,
6938,
6939,
6940,
6941,HR
6942,
6943,Sales
6944,Data/Analytics
6945,Operations
6946,Student
6947,
6948,
6949,
6950,Data/Analytics
6951,Marketing
6952,
6953,
6954,Founder
6955,Marketing
6956,Founder
6957,
6958,
6959,
6960,
6961,HR
6962,
6963,HR
6964,Founder
6965,Marketing
6966,HR
6967,Developer
6968,
6969,Sales
6970,HR
6971,
6972,Founder
6973,
6974,
6975,Data/Analytics
6976,Marketing
6977,
6978,
6979,
6980,
6981,Developer
6982,Data/Analytics
6983,
6984,Founder
6985,Founder
6986,HR
6987,
6988,
6989,Marketing
6990,
6991,
6992,
6993,
6994,Marketing
6995,Product
6996,Marketing
6997,HR
6998,HR
6999,
7000,Founder
7001,Marketing
7002,Founder
7003,
7004,
7005,HR
7006,
7007,HR
7008,
7009,HR
7010,
7011,HR
7012,Sales
7013,Sales
7014,Data/Analytics
7015,Founder
7016,
7017,Founder
7018,
7019,
7020,Founder
7021,Content
7022,Marketing
7023,
7024,Developer
7025,Founder
7026,
7027,
7028,HR
7029,Developer
7030,
7031,Operations
7032,
7033,HR
7034,
7035,Sales
7036,
7037,
7038,
7039,Marketing
7040,Founder
7041,Marketing
7042,Founder
7043,Developer
7044,
7045,
7046,
7047,
7048,
7049,
7050,
7051,Marketing
7052,
7053,HR
7054,Founder
7055,
7056,
7057,
7058,Marketing
7059,Marketing
7060,
7061,Sales
7062,
7063,
7064,
7065,
7066,
7067,
7068,Founder
7069,
7070,
7071,
7072,
7073,
7074,
7075,Developer
7076,
7077,Founder
7078,
7079,Founder
7080,Sales
7081,
7082,Student
7083,
7084,
7085,HR
7086,Developer
7087,
7088,
7089,HR
7090,Marketing
7091,
7092,
7093,
7094,HR
7095,
7096,
7097,Founder
7098,Founder
7099,
7100,
7101,Founder
7102,Founder
7103,
7104,
7105,Founder
7106,
7107,
7108,
7109,Founder
7110,
7111,
7112,Developer
7113,Founder
7114,
7115,
7116,Sales
7117,Sales
7118,HR
7119,Marketing
7120,
7121,HR
7122,
7123,Founder
7124,
7125,Founder
7126,Marketing
7127,Sales
7128,Sales
7129,Developer
7130,Founder
7131,Sales
7132,
7133,Marketing
7134,
7135,Marketing
7136,
7137,Marketing
7138,HR
7139,Sales
7140,
7141,
7142,
7143,
7144,
7145,Founder
7146,
7147,Student
7148,HR
7149,
7150,HR
7151,
7152,
7153,HR
7154,HR
7155,Sales
7156,Sales
7157,
7158,HR
7159,
7160,
7161,Founder
7162,Founder
7163,Developer
7164,
7165,Founder
7166,Marketing
7167,Operations
7168,HR
7169,
7170,Founder
7171,Student
7172,Sales
7173,
7174,
7175,Founder
7176,Product
7177,HR
7178,Marketing
7179,Sales
7180,
7181,
7182,Developer
7183,
7184,
7185,
7186,
7187,
7188,Legal
7189,
7190,
7191,HR
7192,Marketing
7193,Developer
7194,Marketing
7195,
7196,
7197,
7198,
7199,
7200,Sales
7201,Marketing
7202,Student
7203,
7204,
7205,
7206,
7207,HR
7208,
7209,Founder
7210,HR
7211,Founder
7212,Content
7213,
7214,Finance
7215,
7216,
7217,
7218,Sales
7219,
7220,Founder
7221,Founder
7222,
7223,
7224,
7225,
7226,
7227,
7228,
7229,
7230,Founder
7231,
7232,
7233,HR
7234,Founder
7235,
7236,
7237,
7238,
7239,
7240,Student
7241,
7242,Sales
7243,
7244,
7245,
7246,
7247,Founder
7248,
7249,
7250,
7251,
7252,
7253,Sales
7254,Sales
7255,
7256,Student
7257,
7258,Student
7259,
7260,
7261,
7262,Sales
7263,Student
7264,
7265,
7266,
7267,
7268,Founder
7269,Product
7270,
7271,
7272,HR
7273,Marketing
7274,Marketing
7275,Operations
7276,
7277,
7278,
7279,Founder
7280,
7281,
7282,Founder
7283,HR
7284,Developer
7285,
7286,
7287,Marketing
7288,Founder
7289,
7290,Founder
7291,Marketing
7292,
7293,Marketing
7294,
7295,
7296,Sales
7297,
7298,
7299,
7300,Marketing
7301,Founder
7302,
7303,
7304,Data/Analytics
7305,
7306,
7307,Sales
7308,Founder
7309,Marketing
7310,
7311,Founder
7312,Sales
7313,Sales
7314,
7315,
7316,Founder
7317,
7318,Operations
7319,
7320,
7321,
7322,Sales
7323,Founder
7324,
7325,
7326,
7327,
7328,
7329,
7330,Data/Analytics
7331,Sales
7332,
7333,
7334,Marketing
7335,Product
7336,
7337,
7338,
7339,
7340,Founder
7341,
7342,Founder
7343,
7344,
7345,
7346,
7347,Marketing
7348,
7349,Sales
7350,Founder
7351,Marketing
7352,Founder
7353,
7354,Marketing
7355,Sales
7356,
7357,
7358,
7359,Founder
7360,
7361,Marketing
7362,
7363,
7364,
7365,Marketing
7366,
7367,Marketing
7368,
7369,Sales
7370,Sales
7371,
7372,
7373,
7374,
7375,Founder
7376,Founder
7377,Operations
7378,
7379,Founder
7380,Founder
7381,
7382,
7383,Founder
7384,Founder
7385,Founder
7386,
7387,Sales
7388,
7389,
7390,
7391,Marketing
7392,Founder
7393,
7394,Founder
7395,
7396,
7397,
7398,
7399,Founder
7400,
7401,
7402,
7403,Sales
7404,Marketing
7405,Marketing
7406,
7407,
7408,Sales
7409,Founder
7410,
7411,
7412,Founder
7413,
7414,
7415,
7416,
7417,
7418,
7419,Founder
7420,Founder
7421,Sales
7422,
7423,Finance
7424,
7425,Founder
7426,
7427,Founder
7428,Marketing
7429,
7430,
7431,
7432,
7433,
7434,Marketing
7435,
7436,Sales
7437,
7438,Founder
7439,
7440,
7441,
7442,Marketing
7443,
7444,Sales
7445,Product
7446,Product
7447,Marketing
7448,
7449,
7450,
7451,
7452,Marketing
7453,
7454,
7455,
7456,
7457,
7458,
7459,Sales
7460,
7461,
7462,
7463,Data/Analytics
7464,
7465,
7466,Marketing
7467,
7468,
7469,
7470,Sales
7471,Marketing
7472,HR
7473,HR
7474,Marketing
7475,Founder
7476,Sales
7477,
7478,Sales
7479,Developer
7480,
7481,
7482,
7483,
7484,Founder
7485,
7486,Marketing
7487,Operations
7488,Design
7489,
7490,
7491,HR
7492,
7493,
7494,
7495,
7496,Marketing
7497,
7498,
7499,
7500,
7501,HR
7502,
7503,
7504,Marketing
7505,Sales
7506,
7507,Founder
7508,Marketing
7509,
7510,
7511,
7512,Founder
7513,
7514,Data/Analytics
7515,
7516,
7517,
7518,
7519,
7520,
7521,Sales
7522,Sales
7523,Marketing
7524,Developer
7525,Product
7526,
7527,Founder
7528,Developer
7529,
7530,
7531,Marketing
7532,Developer
7533,
7534,Sales
7535,Data/Analytics
7536,Data/Analytics
7537,Data/Analytics
7538,
7539,Founder
7540,
7541,
7542,Sales
7543,
7544,Founder
7545,
7546,Founder
7547,Sales
7548,Marketing
7549,
7550,
7551,Founder
7552,
7553,
7554,Founder
7555,
7556,Developer
7557,
7558,
7559,
7560,Founder
7561,
7562,Sales
7563,
7564,Founder
7565,
7566,Founder
7567,
7568,
7569,Sales
7570,Founder
7571,
7572,
7573,Founder
7574,Marketing
7575,Developer
7576,
7577,
7578,Sales
